hash,count,names,files
0009c1b0f1931a5e71ae52cc62da2911,2,"['_coerce', '_coerce']","['.\\calculations.py', '.\\tools\\kakerlake_ultra_cleaner.py']"
0458540784201855dfc3c1ea8dbcc344,5,"['USE_PERFORM_CALCULATIONS', 'USE_PERFORM_CALCULATIONS', 'USE_PERFORM_CALCULATIONS', 'USE_PERFORM_CALCULATIONS', 'USE_PERFORM_CALCULATIONS']","['.\\notwendig oder nicht\\wichtig\\out_selected\\patches\\pdf_template_engine\\placeholders.py.insert.py', '.\\notwendig oder nicht\\wichtig\\portings\\patches\\pdf_template_engine\\placeholders.py.insert.py', '.\\pdf_template_engine\\placeholders.py', '.\\tools\\out_selected\\patches\\pdf_template_engine\\placeholders.py.insert.py', '.\\tools\\portings\\patches\\pdf_template_engine\\placeholders.py.insert.py']"
05d6d25770e30c576216a85fe390c505,3,"['test_existing_product_update', 'test_existing_product_update', 'test_existing_product_update']","['.\\notwendig oder nicht\\wichtig\\portings\\patches\\test_admin_workflow.py.insert.py', '.\\tests\\test_admin_workflow.py', '.\\tools\\portings\\patches\\test_admin_workflow.py.insert.py']"
06b0fe0463fa43608f4941f7503ddaff,5,"['calculate_savings', 'calculate_savings', 'calculate_savings', 'calculate_savings', 'calculate_savings']","['.\\notwendig oder nicht\\wichtig\\out_selected\\patches\\tools\\custom_dynamic_calculation.py.insert.py', '.\\notwendig oder nicht\\wichtig\\portings\\patches\\tools\\custom_dynamic_calculation.py.insert.py', '.\\tools\\custom_dynamic_calculation.py', '.\\tools\\out_selected\\patches\\tools\\custom_dynamic_calculation.py.insert.py', '.\\tools\\portings\\patches\\tools\\custom_dynamic_calculation.py.insert.py']"
06c29a96a6557d6a71a51b171f875a30,3,"['set_max', 'set_max', 'set_max']","['.\\components\\progress_manager.py', '.\\notwendig oder nicht\\wichtig\\out_selected\\patches\\components\\progress_manager.py.insert.py', '.\\tools\\out_selected\\patches\\components\\progress_manager.py.insert.py']"
07eab4ea5a4e209de0c06806df4988ec,3,"['test_logo_rendering_debug', 'test_logo_rendering_debug', 'test_logo_rendering_debug']","['.\\debug_logo_pdf.py', '.\\notwendig oder nicht\\wichtig\\portings\\patches\\debug_logo_pdf.py.insert.py', '.\\tools\\portings\\patches\\debug_logo_pdf.py.insert.py']"
0de66f868ed27fb7b1467f73e8745af9,3,"['name_in2', 'name_in2', 'name_in2']","['.\\dev_tools\\kakerlake_ultra_cleaner.py', '.\\mnt\\data\\kakerlake_ultra_cleaner.py', '.\\tools\\kakerlake_ultra_cleaner.py']"
0e1544470d5d203cc3d5afb340cf0d85,5,"['_remove_text_from_page', '_remove_text_from_page', '_remove_text_from_page', '_remove_text_from_page', '_remove_text_from_page']","['.\\notwendig oder nicht\\wichtig\\out_selected\\patches\\pdf_template_engine\\dynamic_overlay.py.insert.py', '.\\notwendig oder nicht\\wichtig\\portings\\patches\\pdf_template_engine\\dynamic_overlay.py.insert.py', '.\\pdf_template_engine\\dynamic_overlay.py', '.\\tools\\out_selected\\patches\\pdf_template_engine\\dynamic_overlay.py.insert.py', '.\\tools\\portings\\patches\\pdf_template_engine\\dynamic_overlay.py.insert.py']"
0e563925a74c1165a52288924145577f,3,"['test_coords_wp_directory', 'test_coords_wp_directory', 'test_coords_wp_directory']","['.\\notwendig oder nicht\\wichtig\\portings\\patches\\test_hp_functions.py.insert.py', '.\\tests\\test_hp_functions.py', '.\\tools\\portings\\patches\\test_hp_functions.py.insert.py']"
0fe4ac0ecdbc7e71fce1e7175a92680d,3,"['extract_placeholders_from_offer', 'extract_placeholders_from_offer', 'extract_placeholders_from_offer']","['.\\heatpump_pricing.py', '.\\notwendig oder nicht\\wichtig\\out_selected\\patches\\heatpump_pricing.py.insert.py', '.\\tools\\out_selected\\patches\\heatpump_pricing.py.insert.py']"
108d21185c83f562111e554f1cd57ff0,3,"['progress', 'progress', 'progress']","['.\\components\\progress_manager.py', '.\\notwendig oder nicht\\wichtig\\out_selected\\patches\\components\\progress_manager.py.insert.py', '.\\tools\\out_selected\\patches\\components\\progress_manager.py.insert.py']"
10dbbdbc179529b01db8e5e4675ec565,2,"['insert_at_line', 'insert_at_line']","['.\\notwendig oder nicht\\wichtig\\repo_porter.py', '.\\tools\\repo_porter.py']"
123378809deb971a2d986fae758725f4,5,"['delete_brand_logo', 'delete_brand_logo', 'delete_brand_logo', 'delete_brand_logo', 'delete_brand_logo']","['.\\brand_logo_db.py', '.\\notwendig oder nicht\\wichtig\\out_selected\\patches\\brand_logo_db.py.insert.py', '.\\notwendig oder nicht\\wichtig\\portings\\patches\\brand_logo_db.py.insert.py', '.\\tools\\out_selected\\patches\\brand_logo_db.py.insert.py', '.\\tools\\portings\\patches\\brand_logo_db.py.insert.py']"
13506a6cccbfd260a52ff997d087c805,2,"['render_ui', 'render_ui']","['.\\multi_offer_generator.py', '.\\multi_offer_generator_new.py']"
1427d85131394748aece5e699957911a,5,"['_normalize_tariff_to_eur_per_kwh', '_normalize_tariff_to_eur_per_kwh', '_normalize_tariff_to_eur_per_kwh', '_normalize_tariff_to_eur_per_kwh', '_normalize_tariff_to_eur_per_kwh']","['.\\notwendig oder nicht\\wichtig\\out_selected\\patches\\pdf_template_engine\\placeholders.py.insert.py', '.\\notwendig oder nicht\\wichtig\\portings\\patches\\pdf_template_engine\\placeholders.py.insert.py', '.\\pdf_template_engine\\placeholders.py', '.\\tools\\out_selected\\patches\\pdf_template_engine\\placeholders.py.insert.py', '.\\tools\\portings\\patches\\pdf_template_engine\\placeholders.py.insert.py']"
14857bd4ddcc77cbad2d5858601df2e6,5,"['render_quick_themes', 'render_quick_themes', 'render_quick_themes', 'render_quick_themes', 'render_quick_themes']","['.\\components\\progress_settings.py', '.\\notwendig oder nicht\\wichtig\\out_selected\\patches\\components\\progress_settings.py.insert.py', '.\\notwendig oder nicht\\wichtig\\portings\\patches\\components\\progress_settings.py.insert.py', '.\\tools\\out_selected\\patches\\components\\progress_settings.py.insert.py', '.\\tools\\portings\\patches\\components\\progress_settings.py.insert.py']"
14dae727a4d073803a291ff7eef85713,3,"['ensure_dir', 'ensure_dir', 'ensure_dir']","['.\\dev_tools\\kakerlake_ultra_cleaner.py', '.\\mnt\\data\\kakerlake_ultra_cleaner.py', '.\\tools\\kakerlake_ultra_cleaner.py']"
15932a124cff73d2d94ee5e3320187b5,5,"['fmt_number', 'fmt_number', 'fmt_number', 'fmt_number', 'fmt_number']","['.\\notwendig oder nicht\\wichtig\\out_selected\\patches\\pdf_template_engine\\placeholders.py.insert.py', '.\\notwendig oder nicht\\wichtig\\portings\\patches\\pdf_template_engine\\placeholders.py.insert.py', '.\\pdf_template_engine\\placeholders.py', '.\\tools\\out_selected\\patches\\pdf_template_engine\\placeholders.py.insert.py', '.\\tools\\portings\\patches\\pdf_template_engine\\placeholders.py.insert.py']"
15cad397fe28418d918f5dc8bfdf030a,3,"['apply_discounts_and_surcharges', 'apply_discounts_and_surcharges', 'apply_discounts_and_surcharges']","['.\\heatpump_pricing.py', '.\\notwendig oder nicht\\wichtig\\out_selected\\patches\\heatpump_pricing.py.insert.py', '.\\tools\\out_selected\\patches\\heatpump_pricing.py.insert.py']"
16f01bef4a7877683992dea4356c460e,3,"['run_all_tests', 'run_all_tests', 'run_all_tests']","['.\\notwendig oder nicht\\wichtig\\portings\\patches\\test_hp_functions.py.insert.py', '.\\tests\\test_hp_functions.py', '.\\tools\\portings\\patches\\test_hp_functions.py.insert.py']"
1800672450cd78dbafef802d91184024,3,"['fk', 'fk', 'fk']","['.\\dev_tools\\kakerlake_ultra_cleaner.py', '.\\mnt\\data\\kakerlake_ultra_cleaner.py', '.\\tools\\kakerlake_ultra_cleaner.py']"
1b8464299f7b1f42e2db2ae90a662d26,5,"['merge_first_seven_pages', 'merge_first_seven_pages', 'merge_first_seven_pages', 'merge_first_seven_pages', 'merge_first_seven_pages']","['.\\notwendig oder nicht\\wichtig\\out_selected\\patches\\pdf_template_engine\\merger.py.insert.py', '.\\notwendig oder nicht\\wichtig\\portings\\patches\\pdf_template_engine\\merger.py.insert.py', '.\\pdf_template_engine\\merger.py', '.\\tools\\out_selected\\patches\\pdf_template_engine\\merger.py.insert.py', '.\\tools\\portings\\patches\\pdf_template_engine\\merger.py.insert.py']"
1bcad5fea1f4c88f9942ccef4b51bea8,3,"['create_progress_bar', 'create_progress_bar', 'create_progress_bar']","['.\\components\\progress_manager.py', '.\\notwendig oder nicht\\wichtig\\out_selected\\patches\\components\\progress_manager.py.insert.py', '.\\tools\\out_selected\\patches\\components\\progress_manager.py.insert.py']"
1d2a7f551abc9267aff036525f7cb844,3,"['__init__', '__init__', '__init__']","['.\\components\\progress_manager.py', '.\\notwendig oder nicht\\wichtig\\out_selected\\patches\\components\\progress_manager.py.insert.py', '.\\tools\\out_selected\\patches\\components\\progress_manager.py.insert.py']"
1db19dee78ee8c8887d3ccc8f7664bd8,3,"['yaml_positions_check', 'yaml_positions_check', 'yaml_positions_check']","['.\\dev_tools\\kakerlake_ultra_cleaner.py', '.\\mnt\\data\\kakerlake_ultra_cleaner.py', '.\\tools\\kakerlake_ultra_cleaner.py']"
1dfb529709aabb25382b51e0494bf539,2,"['render_offer_configuration', 'render_offer_configuration']","['.\\multi_offer_generator_old.py', '.\\multi_offer_generator_old.py']"
1e2126098b8c35b198094fff01483172,3,"['visit', 'visit', 'visit']","['.\\dev_tools\\kakerlake_ultra_cleaner.py', '.\\mnt\\data\\kakerlake_ultra_cleaner.py', '.\\tools\\kakerlake_ultra_cleaner.py']"
1e31918e76a2afa30d8ccd06ee8b3827,3,"['create_progress_bar', 'create_progress_bar', 'create_progress_bar']","['.\\components\\progress_manager.py', '.\\notwendig oder nicht\\wichtig\\out_selected\\patches\\components\\progress_manager.py.insert.py', '.\\tools\\out_selected\\patches\\components\\progress_manager.py.insert.py']"
1e86c54c7323777a0ef3f8ac6a4e02b5,3,"['list_yaml', 'list_yaml', 'list_yaml']","['.\\dev_tools\\kakerlake_ultra_cleaner.py', '.\\mnt\\data\\kakerlake_ultra_cleaner.py', '.\\tools\\kakerlake_ultra_cleaner.py']"
20f946883f0aa8e2279e149da2be91e0,2,"['file_record', 'file_record']","['.\\notwendig oder nicht\\wichtig\\repo_to_json.py', '.\\tools\\repo_to_json.py']"
21314233a836bebaccdab9d9b16df20e,2,"['_anchor_after_class_body', '_anchor_after_class_body']","['.\\notwendig oder nicht\\wichtig\\repo_porter.py', '.\\tools\\repo_porter.py']"
217d7a1447876616cea1db6c0161dace,3,"['set_style', 'set_style', 'set_style']","['.\\components\\progress_manager.py', '.\\notwendig oder nicht\\wichtig\\out_selected\\patches\\components\\progress_manager.py.insert.py', '.\\tools\\out_selected\\patches\\components\\progress_manager.py.insert.py']"
21de93005168341df37775264674363c,3,"['test_pdf_with_logos', 'test_pdf_with_logos', 'test_pdf_with_logos']","['.\\notwendig oder nicht\\wichtig\\portings\\patches\\test_pdf_logos.py.insert.py', '.\\tests\\test_pdf_logos.py', '.\\tools\\portings\\patches\\test_pdf_logos.py.insert.py']"
23d18c412deadd34f38dbb43110639b2,2,"['build_project_data', 'build_project_data']","['.\\calculations.py', '.\\tools\\kakerlake_ultra_cleaner.py']"
2498a1d5553f9ae84313cea2bb1ae873,3,"['set_progress_style', 'set_progress_style', 'set_progress_style']","['.\\components\\progress_manager.py', '.\\notwendig oder nicht\\wichtig\\out_selected\\patches\\components\\progress_manager.py.insert.py', '.\\tools\\out_selected\\patches\\components\\progress_manager.py.insert.py']"
25a87f0a63e9d663ce0feb39b7e2f508,2,"['get_available_companies', 'get_available_companies']","['.\\multi_offer_generator.py', '.\\multi_offer_generator_new.py']"
261ddd67901bff0dde74b3d7e4d5a647,3,"['calculate_base_price', 'calculate_base_price', 'calculate_base_price']","['.\\heatpump_pricing.py', '.\\notwendig oder nicht\\wichtig\\out_selected\\patches\\heatpump_pricing.py.insert.py', '.\\tools\\out_selected\\patches\\heatpump_pricing.py.insert.py']"
26fba7883d48241ef0d5f66b01cfdbb7,3,"['set_colors', 'set_colors', 'set_colors']","['.\\components\\progress_manager.py', '.\\notwendig oder nicht\\wichtig\\out_selected\\patches\\components\\progress_manager.py.insert.py', '.\\tools\\out_selected\\patches\\components\\progress_manager.py.insert.py']"
27856932eeb589ccee7cfe3fe0b6b030,3,"['decorator', 'decorator', 'decorator']","['.\\components\\progress_manager.py', '.\\notwendig oder nicht\\wichtig\\out_selected\\patches\\components\\progress_manager.py.insert.py', '.\\tools\\out_selected\\patches\\components\\progress_manager.py.insert.py']"
28878804a9e87a89f51aa46ecf682b8a,3,"['do_structure', 'do_structure', 'do_structure']","['.\\dev_tools\\kakerlake_ultra_cleaner.py', '.\\mnt\\data\\kakerlake_ultra_cleaner.py', '.\\tools\\kakerlake_ultra_cleaner.py']"
2992ed0a7ee636d7e8b08460c4cd78f1,2,"['generate_records', 'generate_records']","['.\\notwendig oder nicht\\wichtig\\repo_to_json.py', '.\\tools\\repo_to_json.py']"
2a4da89300310c9264392837a9e9eb0e,5,"['render_logo_management_section', 'render_logo_management_section', 'render_logo_management_section', 'render_logo_management_section', 'render_logo_management_section']","['.\\admin_logo_management_ui.py', '.\\notwendig oder nicht\\wichtig\\out_selected\\patches\\admin_logo_management_ui.py.insert.py', '.\\notwendig oder nicht\\wichtig\\portings\\patches\\admin_logo_management_ui.py.insert.py', '.\\tools\\out_selected\\patches\\admin_logo_management_ui.py.insert.py', '.\\tools\\portings\\patches\\admin_logo_management_ui.py.insert.py']"
2b4aee0c69f7b887dd29a175fca4facb,2,"['write_text', 'write_text']","['.\\notwendig oder nicht\\wichtig\\repo_porter.py', '.\\tools\\repo_porter.py']"
2bd029991b6acb4ee6c89d57fc01783e,2,"['node_signature', 'node_signature']","['.\\notwendig oder nicht\\wichtig\\repo_porter.py', '.\\tools\\repo_porter.py']"
2c34f42910ff3966f8068e60455c2953,3,"['node_signature', 'node_signature', 'node_signature']","['.\\dev_tools\\kakerlake_ultra_cleaner.py', '.\\mnt\\data\\kakerlake_ultra_cleaner.py', '.\\tools\\kakerlake_ultra_cleaner.py']"
2db4ddc1c3f15569276dd6cf760b297f,3,"['with_progress', 'with_progress', 'with_progress']","['.\\components\\progress_manager.py', '.\\notwendig oder nicht\\wichtig\\out_selected\\patches\\components\\progress_manager.py.insert.py', '.\\tools\\out_selected\\patches\\components\\progress_manager.py.insert.py']"
2e44c9112c07869c6add4372c28271f0,2,"['relpath', 'relpath']","['.\\notwendig oder nicht\\wichtig\\repo_porter.py', '.\\tools\\repo_porter.py']"
2e70410507a5b6827853c0e624585ec7,3,"['scan_python', 'scan_python', 'scan_python']","['.\\dev_tools\\kakerlake_ultra_cleaner.py', '.\\mnt\\data\\kakerlake_ultra_cleaner.py', '.\\tools\\kakerlake_ultra_cleaner.py']"
30caedb1ce23e6bb34b9ee9d7fb1fd1f,3,"['_get_shadcn_animated_css', '_get_shadcn_animated_css', '_get_shadcn_animated_css']","['.\\components\\progress_manager.py', '.\\notwendig oder nicht\\wichtig\\out_selected\\patches\\components\\progress_manager.py.insert.py', '.\\tools\\out_selected\\patches\\components\\progress_manager.py.insert.py']"
314536d20d2c20d12b8f69b7894cc8d3,2,"['main', 'main']","['.\\notwendig oder nicht\\wichtig\\repo_porter.py', '.\\tools\\repo_porter.py']"
325d2ef4dd3090625f7b78624dbf1990,2,"['render_customer_input', 'render_customer_input']","['.\\multi_offer_generator_old.py', '.\\multi_offer_generator_old.py']"
3a16df9320aeb06769e510447419f0c4,3,"['run_test', 'run_test', 'run_test']","['.\\notwendig oder nicht\\wichtig\\portings\\patches\\test_wirtschaftlichkeit.py.insert.py', '.\\tests\\test_wirtschaftlichkeit.py', '.\\tools\\portings\\patches\\test_wirtschaftlichkeit.py.insert.py']"
3ac8c02712275210f792568a53b248b5,3,"['test_imports', 'test_imports', 'test_imports']","['.\\notwendig oder nicht\\wichtig\\portings\\patches\\test_hp_functions.py.insert.py', '.\\tests\\test_hp_functions.py', '.\\tools\\portings\\patches\\test_hp_functions.py.insert.py']"
3b9f14a46c584579004e099d0c68c7f1,2,"['get_module_docstring_node', 'get_module_docstring_node']","['.\\notwendig oder nicht\\wichtig\\repo_porter.py', '.\\tools\\repo_porter.py']"
3d0a4632c68e25bcd7f68b0f78cb4752,3,"['node_shape', 'node_shape', 'node_shape']","['.\\dev_tools\\kakerlake_ultra_cleaner.py', '.\\mnt\\data\\kakerlake_ultra_cleaner.py', '.\\tools\\kakerlake_ultra_cleaner.py']"
3d29ebe2b855f505d411d02831fc3240,3,"['create_test_image_base64', 'create_test_image_base64', 'create_test_image_base64']","['.\\add_test_product_images.py', '.\\notwendig oder nicht\\wichtig\\portings\\patches\\add_test_product_images.py.insert.py', '.\\tools\\portings\\patches\\add_test_product_images.py.insert.py']"
3df9f957bcc577b4bae4ecf9d1cfcd1a,2,"['write_streaming_json', 'write_streaming_json']","['.\\notwendig oder nicht\\wichtig\\repo_to_json.py', '.\\tools\\repo_to_json.py']"
3ef2baf4fa19e838391f01f0cbf6f1e4,3,"['simulate_admin_panel_workflow', 'simulate_admin_panel_workflow', 'simulate_admin_panel_workflow']","['.\\notwendig oder nicht\\wichtig\\portings\\patches\\test_admin_workflow.py.insert.py', '.\\tests\\test_admin_workflow.py', '.\\tools\\portings\\patches\\test_admin_workflow.py.insert.py']"
408d53a7a8ae6f4e4748afa9970b417b,2,"['get_active_company', 'get_active_company']","['.\\tests\\test_main_pdf.py', '.\\tools\\test_main_pdf.py']"
41345039c10f1b3c9b82ad39348105bd,3,"['test_admin_panel_import', 'test_admin_panel_import', 'test_admin_panel_import']","['.\\notwendig oder nicht\\wichtig\\portings\\patches\\test_admin_fix.py.insert.py', '.\\tests\\test_admin_fix.py', '.\\tools\\portings\\patches\\test_admin_fix.py.insert.py']"
43f9d986b8fac618fcb5aa6e36691226,2,"['try_decode_text', 'try_decode_text']","['.\\notwendig oder nicht\\wichtig\\repo_to_json.py', '.\\tools\\repo_to_json.py']"
473d9b9f9e769db47ff659be6899c17a,3,"['create_png_test_image', 'create_png_test_image', 'create_png_test_image']","['.\\create_png_test_images.py', '.\\notwendig oder nicht\\wichtig\\portings\\patches\\create_png_test_images.py.insert.py', '.\\tools\\portings\\patches\\create_png_test_images.py.insert.py']"
4b41cd12a9fe3c2f8d5dfd940fdc8c49,3,"['test_logo_system', 'test_logo_system', 'test_logo_system']","['.\\notwendig oder nicht\\wichtig\\portings\\patches\\test_brand_logos.py.insert.py', '.\\tests\\test_brand_logos.py', '.\\tools\\portings\\patches\\test_brand_logos.py.insert.py']"
4c392ddad2248febee51b6cba3212129,5,"['list_all_brand_logos', 'list_all_brand_logos', 'list_all_brand_logos', 'list_all_brand_logos', 'list_all_brand_logos']","['.\\brand_logo_db.py', '.\\notwendig oder nicht\\wichtig\\out_selected\\patches\\brand_logo_db.py.insert.py', '.\\notwendig oder nicht\\wichtig\\portings\\patches\\brand_logo_db.py.insert.py', '.\\tools\\out_selected\\patches\\brand_logo_db.py.insert.py', '.\\tools\\portings\\patches\\brand_logo_db.py.insert.py']"
4e52c73e1f69d50c8427eb8150fee640,3,"['get_product_by_id_func', 'get_product_by_id_func', 'get_product_by_id_func']","['.\\pdf_erstellen_komplett.py', '.\\tests\\test_main_pdf.py', '.\\tools\\test_main_pdf.py']"
4fc6a619a0ac2afbc1df21c09283c6da,2,"['_create_zip_download', '_create_zip_download']","['.\\multi_offer_generator.py', '.\\multi_offer_generator_new.py']"
501e7ae43958a7afcbf55424efa41dae,5,"['add_brand_logo', 'add_brand_logo', 'add_brand_logo', 'add_brand_logo', 'add_brand_logo']","['.\\brand_logo_db.py', '.\\notwendig oder nicht\\wichtig\\out_selected\\patches\\brand_logo_db.py.insert.py', '.\\notwendig oder nicht\\wichtig\\portings\\patches\\brand_logo_db.py.insert.py', '.\\tools\\out_selected\\patches\\brand_logo_db.py.insert.py', '.\\tools\\portings\\patches\\brand_logo_db.py.insert.py']"
511276acca977475e13d95f99a8e7c21,3,"['test_logo_debug', 'test_logo_debug', 'test_logo_debug']","['.\\debug_logo_rendering.py', '.\\notwendig oder nicht\\wichtig\\portings\\patches\\debug_logo_rendering.py.insert.py', '.\\tools\\portings\\patches\\debug_logo_rendering.py.insert.py']"
52027939d66d41f974fff05b4eee8c3e,2,"['cmd_dump', 'cmd_dump']","['.\\notwendig oder nicht\\wichtig\\repo_to_json.py', '.\\tools\\repo_to_json.py']"
529ec9fa1f465cabdab49f06a22f8602,3,"['visit_FunctionDef', 'visit_FunctionDef', 'visit_FunctionDef']","['.\\dev_tools\\kakerlake_ultra_cleaner.py', '.\\mnt\\data\\kakerlake_ultra_cleaner.py', '.\\tools\\kakerlake_ultra_cleaner.py']"
56fb904dfea1b71f388120667e2b5324,3,"['_initialize_session_state', '_initialize_session_state', '_initialize_session_state']","['.\\components\\progress_manager.py', '.\\notwendig oder nicht\\wichtig\\out_selected\\patches\\components\\progress_manager.py.insert.py', '.\\tools\\out_selected\\patches\\components\\progress_manager.py.insert.py']"
580a547a22ba591b5aa1c33177e42904,5,"['update_logo_position', 'update_logo_position', 'update_logo_position', 'update_logo_position', 'update_logo_position']","['.\\brand_logo_db.py', '.\\notwendig oder nicht\\wichtig\\out_selected\\patches\\brand_logo_db.py.insert.py', '.\\notwendig oder nicht\\wichtig\\portings\\patches\\brand_logo_db.py.insert.py', '.\\tools\\out_selected\\patches\\brand_logo_db.py.insert.py', '.\\tools\\portings\\patches\\brand_logo_db.py.insert.py']"
58561d11f9b2310e4c77225a13a9ae5d,3,"['update_products_with_png', 'update_products_with_png', 'update_products_with_png']","['.\\create_png_test_images.py', '.\\notwendig oder nicht\\wichtig\\portings\\patches\\create_png_test_images.py.insert.py', '.\\tools\\portings\\patches\\create_png_test_images.py.insert.py']"
5990fa3ee0bbed8134ef00da443ff77b,3,"['test_logo_data_preparation', 'test_logo_data_preparation', 'test_logo_data_preparation']","['.\\simple_logo_test.py', '.\\notwendig oder nicht\\wichtig\\portings\\patches\\simple_logo_test.py.insert.py', '.\\tools\\portings\\patches\\simple_logo_test.py.insert.py']"
5c80e48d205fa2d9e0e11a897fe3eee4,3,"['__init__', '__init__', '__init__']","['.\\components\\progress_manager.py', '.\\notwendig oder nicht\\wichtig\\out_selected\\patches\\components\\progress_manager.py.insert.py', '.\\tools\\out_selected\\patches\\components\\progress_manager.py.insert.py']"
5fdb9cefb6065ec646ab3946bbc31347,5,"['render_logo_positions_tab', 'render_logo_positions_tab', 'render_logo_positions_tab', 'render_logo_positions_tab', 'render_logo_positions_tab']","['.\\admin_logo_management_ui.py', '.\\notwendig oder nicht\\wichtig\\out_selected\\patches\\admin_logo_management_ui.py.insert.py', '.\\notwendig oder nicht\\wichtig\\portings\\patches\\admin_logo_management_ui.py.insert.py', '.\\tools\\out_selected\\patches\\admin_logo_management_ui.py.insert.py', '.\\tools\\portings\\patches\\admin_logo_management_ui.py.insert.py']"
60425457bb1fc2b8eadce916299425fb,3,"['complete', 'complete', 'complete']","['.\\components\\progress_manager.py', '.\\notwendig oder nicht\\wichtig\\out_selected\\patches\\components\\progress_manager.py.insert.py', '.\\tools\\out_selected\\patches\\components\\progress_manager.py.insert.py']"
6249abbe4dc940c4d8896271f85d1581,5,"['render_components_offer_tab', 'render_components_offer_tab', 'render_components_offer_tab', 'render_components_offer_tab', 'render_components_offer_tab']","['.\\heatpump_ui.py', '.\\notwendig oder nicht\\wichtig\\out_selected\\patches\\heatpump_ui.py.insert.py', '.\\notwendig oder nicht\\wichtig\\portings\\patches\\heatpump_ui.py.insert.py', '.\\tools\\out_selected\\patches\\heatpump_ui.py.insert.py', '.\\tools\\portings\\patches\\heatpump_ui.py.insert.py']"
639756c661dcc2f431e4cb74611a8e93,3,"['_get_shadcn_default_css', '_get_shadcn_default_css', '_get_shadcn_default_css']","['.\\components\\progress_manager.py', '.\\notwendig oder nicht\\wichtig\\out_selected\\patches\\components\\progress_manager.py.insert.py', '.\\tools\\out_selected\\patches\\components\\progress_manager.py.insert.py']"
63ca7e164e2bd70a280a9b13409fe4db,2,"['index_python_symbols', 'index_python_symbols']","['.\\notwendig oder nicht\\wichtig\\repo_to_json.py', '.\\tools\\repo_to_json.py']"
63d7e1592d0a9f8943cecf00503334ac,5,"['get_feed_in_tariff_eur_per_kwh', 'get_feed_in_tariff_eur_per_kwh', 'get_feed_in_tariff_eur_per_kwh', 'get_feed_in_tariff_eur_per_kwh', 'get_feed_in_tariff_eur_per_kwh']","['.\\notwendig oder nicht\\wichtig\\out_selected\\patches\\pdf_template_engine\\placeholders.py.insert.py', '.\\notwendig oder nicht\\wichtig\\portings\\patches\\pdf_template_engine\\placeholders.py.insert.py', '.\\pdf_template_engine\\placeholders.py', '.\\tools\\out_selected\\patches\\pdf_template_engine\\placeholders.py.insert.py', '.\\tools\\portings\\patches\\pdf_template_engine\\placeholders.py.insert.py']"
6446b7eed1357cc133c42fbc4a057028,5,"['_as_image_reader', '_as_image_reader', '_as_image_reader', '_as_image_reader', '_as_image_reader']","['.\\notwendig oder nicht\\wichtig\\out_selected\\patches\\pdf_template_engine\\dynamic_overlay.py.insert.py', '.\\notwendig oder nicht\\wichtig\\portings\\patches\\pdf_template_engine\\dynamic_overlay.py.insert.py', '.\\pdf_template_engine\\dynamic_overlay.py', '.\\tools\\out_selected\\patches\\pdf_template_engine\\dynamic_overlay.py.insert.py', '.\\tools\\portings\\patches\\pdf_template_engine\\dynamic_overlay.py.insert.py']"
6496b018058163a17a205044205c6b25,3,"['test_defensive_strip', 'test_defensive_strip', 'test_defensive_strip']","['.\\notwendig oder nicht\\wichtig\\portings\\patches\\test_admin_fix.py.insert.py', '.\\tests\\test_admin_fix.py', '.\\tools\\portings\\patches\\test_admin_fix.py.insert.py']"
64a92c6c621925920f1540f478f6e39a,3,"['leave_SimpleStatementLine', 'leave_SimpleStatementLine', 'leave_SimpleStatementLine']","['.\\dev_tools\\kakerlake_ultra_cleaner.py', '.\\mnt\\data\\kakerlake_ultra_cleaner.py', '.\\tools\\kakerlake_ultra_cleaner.py']"
65e5ceadcf85459deb94143d30e5d337,2,"['compute_annual_savings', 'compute_annual_savings']","['.\\calculations.py', '.\\tools\\kakerlake_ultra_cleaner.py']"
66b7075b24dab58c0f18c1eabb53b8c6,3,"['to_dict', 'to_dict', 'to_dict']","['.\\heatpump_pricing.py', '.\\notwendig oder nicht\\wichtig\\out_selected\\patches\\heatpump_pricing.py.insert.py', '.\\tools\\out_selected\\patches\\heatpump_pricing.py.insert.py']"
66ed241b4bdd9a54d4dcd45c9ffdc127,2,"['match_row', 'match_row']","['.\\notwendig oder nicht\\wichtig\\repo_porter_select.py', '.\\tools\\repo_porter_select.py']"
69a3a1dfa9ba91373758da9ed68c7679,2,"['_anchor_after_last_toplevel', '_anchor_after_last_toplevel']","['.\\notwendig oder nicht\\wichtig\\repo_porter.py', '.\\tools\\repo_porter.py']"
69e3eee125015414ebc19c9c79ba4644,3,"['name_in', 'name_in', 'name_in']","['.\\dev_tools\\kakerlake_ultra_cleaner.py', '.\\mnt\\data\\kakerlake_ultra_cleaner.py', '.\\tools\\kakerlake_ultra_cleaner.py']"
6a6f37f83563221830b605e8651234b3,3,"['test_pdf_functions', 'test_pdf_functions', 'test_pdf_functions']","['.\\notwendig oder nicht\\wichtig\\portings\\patches\\test_hp_functions.py.insert.py', '.\\tests\\test_hp_functions.py', '.\\tools\\portings\\patches\\test_hp_functions.py.insert.py']"
6c5096b612c6fb58a6ae5920f27d7d80,3,"['calculate_beg_subsidy', 'calculate_beg_subsidy', 'calculate_beg_subsidy']","['.\\heatpump_pricing.py', '.\\notwendig oder nicht\\wichtig\\out_selected\\patches\\heatpump_pricing.py.insert.py', '.\\tools\\out_selected\\patches\\heatpump_pricing.py.insert.py']"
6cccda7adfb653715a3855343e3ae593,2,"['extract_import_suggestions', 'extract_import_suggestions']","['.\\notwendig oder nicht\\wichtig\\repo_porter_select.py', '.\\tools\\repo_porter_select.py']"
6cd59c5a600b72932aa8219ebbb6b87a,5,"['get_unique_brands_from_products', 'get_unique_brands_from_products', 'get_unique_brands_from_products', 'get_unique_brands_from_products', 'get_unique_brands_from_products']","['.\\admin_logo_management_ui.py', '.\\notwendig oder nicht\\wichtig\\out_selected\\patches\\admin_logo_management_ui.py.insert.py', '.\\notwendig oder nicht\\wichtig\\portings\\patches\\admin_logo_management_ui.py.insert.py', '.\\tools\\out_selected\\patches\\admin_logo_management_ui.py.insert.py', '.\\tools\\portings\\patches\\admin_logo_management_ui.py.insert.py']"
6d666f4d0b7e130b12024d0b52363f8d,3,"['test_logo_integration', 'test_logo_integration', 'test_logo_integration']","['.\\notwendig oder nicht\\wichtig\\portings\\patches\\test_logo_integration.py.insert.py', '.\\tests\\test_logo_integration.py', '.\\tools\\portings\\patches\\test_logo_integration.py.insert.py']"
6d965ba717cb061b31c17c9997980d7e,5,"['get_brand_logo', 'get_brand_logo', 'get_brand_logo', 'get_brand_logo', 'get_brand_logo']","['.\\brand_logo_db.py', '.\\notwendig oder nicht\\wichtig\\out_selected\\patches\\brand_logo_db.py.insert.py', '.\\notwendig oder nicht\\wichtig\\portings\\patches\\brand_logo_db.py.insert.py', '.\\tools\\out_selected\\patches\\brand_logo_db.py.insert.py', '.\\tools\\portings\\patches\\brand_logo_db.py.insert.py']"
6dbeeec6ac8e7ac37cc448762ca34ca8,3,"['list_products_func', 'list_products_func', 'list_products_func']","['.\\pdf_erstellen_komplett.py', '.\\tests\\test_main_pdf.py', '.\\tools\\test_main_pdf.py']"
6ebc37a3d0d55d0dd3e207487b215ea9,3,"['main', 'main', 'main']","['.\\debug_page3_check.py', '.\\notwendig oder nicht\\wichtig\\portings\\patches\\debug_page3_check.py.insert.py', '.\\tools\\portings\\patches\\debug_page3_check.py.insert.py']"
7051734ec649b1ef92d505c6d737ff10,3,"['process', 'process', 'process']","['.\\dev_tools\\kakerlake_ultra_cleaner.py', '.\\mnt\\data\\kakerlake_ultra_cleaner.py', '.\\tools\\kakerlake_ultra_cleaner.py']"
738c6a5847717997872a69335f2e3601,3,"['set_progress_colors', 'set_progress_colors', 'set_progress_colors']","['.\\components\\progress_manager.py', '.\\notwendig oder nicht\\wichtig\\out_selected\\patches\\components\\progress_manager.py.insert.py', '.\\tools\\out_selected\\patches\\components\\progress_manager.py.insert.py']"
73bf487829e8ee9abf627fa3c0a721b0,3,"['process', 'process', 'process']","['.\\dev_tools\\kakerlake_ultra_cleaner.py', '.\\mnt\\data\\kakerlake_ultra_cleaner.py', '.\\tools\\kakerlake_ultra_cleaner.py']"
73f44103888568f881e2119b991f9293,3,"['visit_ImportFrom', 'visit_ImportFrom', 'visit_ImportFrom']","['.\\dev_tools\\kakerlake_ultra_cleaner.py', '.\\mnt\\data\\kakerlake_ultra_cleaner.py', '.\\tools\\kakerlake_ultra_cleaner.py']"
74555f45ef4254633c4be9f82fce79c7,2,"['sha256_file', 'sha256_file']","['.\\notwendig oder nicht\\wichtig\\repo_to_json.py', '.\\tools\\repo_to_json.py']"
762fadb286a046bd6684bc2d2105ce04,3,"['_render', '_render', '_render']","['.\\components\\progress_manager.py', '.\\notwendig oder nicht\\wichtig\\out_selected\\patches\\components\\progress_manager.py.insert.py', '.\\tools\\out_selected\\patches\\components\\progress_manager.py.insert.py']"
79cedf2a262a6df862c411b837ccb40a,5,"['demo_progress_bar', 'demo_progress_bar', 'demo_progress_bar', 'demo_progress_bar', 'demo_progress_bar']","['.\\components\\progress_settings.py', '.\\notwendig oder nicht\\wichtig\\out_selected\\patches\\components\\progress_settings.py.insert.py', '.\\notwendig oder nicht\\wichtig\\portings\\patches\\components\\progress_settings.py.insert.py', '.\\tools\\out_selected\\patches\\components\\progress_settings.py.insert.py', '.\\tools\\portings\\patches\\components\\progress_settings.py.insert.py']"
7bee43057eb59f904cd07b33160a64ec,2,"['index_repo', 'index_repo']","['.\\notwendig oder nicht\\wichtig\\repo_porter.py', '.\\tools\\repo_porter.py']"
7c26fc6948ff077ac45379e7f93402b8,3,"['test_page1_right_aligned_values', 'test_page1_right_aligned_values', 'test_page1_right_aligned_values']","['.\\notwendig oder nicht\\wichtig\\portings\\patches\\test_page1_alignment.py.insert.py', '.\\tests\\test_page1_alignment.py', '.\\tools\\portings\\patches\\test_page1_alignment.py.insert.py']"
7c3d4528891cd6480ef505b6a013b129,2,"['render_company_selection', 'render_company_selection']","['.\\multi_offer_generator_old.py', '.\\multi_offer_generator_old.py']"
7c641ec25cd423dd48925903a5642247,3,"['list_py', 'list_py', 'list_py']","['.\\dev_tools\\kakerlake_ultra_cleaner.py', '.\\mnt\\data\\kakerlake_ultra_cleaner.py', '.\\tools\\kakerlake_ultra_cleaner.py']"
7c93bac67180da05db51c7c89729ac80,3,"['test_coords_update', 'test_coords_update', 'test_coords_update']","['.\\notwendig oder nicht\\wichtig\\portings\\patches\\test_logo_integration.py.insert.py', '.\\tests\\test_logo_integration.py', '.\\tools\\portings\\patches\\test_logo_integration.py.insert.py']"
7cb788f4ca6afa57c1388a40651f75c4,2,"['build_parser', 'build_parser']","['.\\notwendig oder nicht\\wichtig\\repo_to_json.py', '.\\tools\\repo_to_json.py']"
7d55bd287cb1b619faa3a4f328fa3697,2,"['read_lines', 'read_lines']","['.\\notwendig oder nicht\\wichtig\\repo_porter.py', '.\\tools\\repo_porter.py']"
7eb0db08a946a4bcda483fd92e1f405c,2,"['render_customer_input', 'render_customer_input']","['.\\multi_offer_generator.py', '.\\multi_offer_generator_new.py']"
7f2ce78d0562f416d2fbfd350e344449,3,"['insert_def_if_missing_calculations', 'insert_def_if_missing_calculations', 'insert_def_if_missing_calculations']","['.\\dev_tools\\kakerlake_ultra_cleaner.py', '.\\mnt\\data\\kakerlake_ultra_cleaner.py', '.\\tools\\kakerlake_ultra_cleaner.py']"
8174a458b0214247b1cd4bc8963a0850,2,"['_anchor_context', '_anchor_context']","['.\\notwendig oder nicht\\wichtig\\repo_porter.py', '.\\tools\\repo_porter.py']"
83466edc9480fee3d4bc4bc181673120,5,"['render_logo_position_settings', 'render_logo_position_settings', 'render_logo_position_settings', 'render_logo_position_settings', 'render_logo_position_settings']","['.\\admin_logo_positions_ui.py', '.\\notwendig oder nicht\\wichtig\\out_selected\\patches\\admin_logo_positions_ui.py.insert.py', '.\\notwendig oder nicht\\wichtig\\portings\\patches\\admin_logo_positions_ui.py.insert.py', '.\\tools\\out_selected\\patches\\admin_logo_positions_ui.py.insert.py', '.\\tools\\portings\\patches\\admin_logo_positions_ui.py.insert.py']"
83e615cb7df9a76027ffeb93bf5689a9,2,"['draw', 'draw']","['.\\pdf_generator.py', '.\\pdf_generator.py']"
842781c7fcb3ecb26b6a227ecf77d2c8,5,"['_fit_to_float', '_fit_to_float', '_fit_to_float', '_fit_to_float', '_fit_to_float']","['.\\notwendig oder nicht\\wichtig\\out_selected\\patches\\pdf_template_engine\\placeholders.py.insert.py', '.\\notwendig oder nicht\\wichtig\\portings\\patches\\pdf_template_engine\\placeholders.py.insert.py', '.\\pdf_template_engine\\placeholders.py', '.\\tools\\out_selected\\patches\\pdf_template_engine\\placeholders.py.insert.py', '.\\tools\\portings\\patches\\pdf_template_engine\\placeholders.py.insert.py']"
8762c3bf63e51e55226a48aff65e91f2,3,"['leave_Module', 'leave_Module', 'leave_Module']","['.\\dev_tools\\kakerlake_ultra_cleaner.py', '.\\mnt\\data\\kakerlake_ultra_cleaner.py', '.\\tools\\kakerlake_ultra_cleaner.py']"
87b71b158c46e65eb6a7e6cc14518533,3,"['name_in', 'name_in', 'name_in']","['.\\dev_tools\\kakerlake_ultra_cleaner.py', '.\\mnt\\data\\kakerlake_ultra_cleaner.py', '.\\tools\\kakerlake_ultra_cleaner.py']"
87fc6e339bbb99804ddc896083618e8f,6,"['__init__', '__init__', '__init__', '__init__', '__init__', '__init__']","['.\\dev_tools\\kakerlake_ultra_cleaner.py', '.\\dev_tools\\kakerlake_ultra_cleaner.py', '.\\mnt\\data\\kakerlake_ultra_cleaner.py', '.\\mnt\\data\\kakerlake_ultra_cleaner.py', '.\\tools\\kakerlake_ultra_cleaner.py', '.\\tools\\kakerlake_ultra_cleaner.py']"
88241f793ad82ea799369b037c2d3cfc,3,"['wrapper', 'wrapper', 'wrapper']","['.\\components\\progress_manager.py', '.\\notwendig oder nicht\\wichtig\\out_selected\\patches\\components\\progress_manager.py.insert.py', '.\\tools\\out_selected\\patches\\components\\progress_manager.py.insert.py']"
8871b9c0b609ebba0b4064aca8f4d18b,3,"['_get_shadcn_modern_css', '_get_shadcn_modern_css', '_get_shadcn_modern_css']","['.\\components\\progress_manager.py', '.\\notwendig oder nicht\\wichtig\\out_selected\\patches\\components\\progress_manager.py.insert.py', '.\\tools\\out_selected\\patches\\components\\progress_manager.py.insert.py']"
8a814bd11877ca862ed68ab55ff8dae6,2,"['wrap', 'wrap']","['.\\pdf_generator.py', '.\\pdf_generator.py']"
8dc8afe8bbfcf55cd3931df55a0c6fb6,2,"['_dummy_save_admin_setting_pdf_ui', '_dummy_save_admin_setting_pdf_ui']","['.\\doc_output.py', '.\\pdf_ui.py']"
90830d91b3eb20f9525c8d2aaa3b917f,3,"['check_product_images', 'check_product_images', 'check_product_images']","['.\\check_product_images.py', '.\\notwendig oder nicht\\wichtig\\portings\\patches\\check_product_images.py.insert.py', '.\\tools\\portings\\patches\\check_product_images.py.insert.py']"
909499409b220cb28b45d88e72b5641b,6,"['__init__', '__init__', '__init__', '__init__', '__init__', '__init__']","['.\\dev_tools\\kakerlake_ultra_cleaner.py', '.\\dev_tools\\kakerlake_ultra_cleaner.py', '.\\mnt\\data\\kakerlake_ultra_cleaner.py', '.\\mnt\\data\\kakerlake_ultra_cleaner.py', '.\\tools\\kakerlake_ultra_cleaner.py', '.\\tools\\kakerlake_ultra_cleaner.py']"
9265576a0d31f0b52eead10a84ffba15,3,"['test_direct_logo_fetch', 'test_direct_logo_fetch', 'test_direct_logo_fetch']","['.\\simple_logo_test.py', '.\\notwendig oder nicht\\wichtig\\portings\\patches\\simple_logo_test.py.insert.py', '.\\tools\\portings\\patches\\simple_logo_test.py.insert.py']"
936b506eda22331936a25e9a4baad066,3,"['create_test_pdf_with_logos', 'create_test_pdf_with_logos', 'create_test_pdf_with_logos']","['.\\notwendig oder nicht\\wichtig\\portings\\patches\\test_final_pdf_logos.py.insert.py', '.\\tests\\test_final_pdf_logos.py', '.\\tools\\portings\\patches\\test_final_pdf_logos.py.insert.py']"
93ea66ab40f2dd158bcd3186963dd6c2,5,"['convert_uploaded_file_to_base64', 'convert_uploaded_file_to_base64', 'convert_uploaded_file_to_base64', 'convert_uploaded_file_to_base64', 'convert_uploaded_file_to_base64']","['.\\admin_logo_management_ui.py', '.\\notwendig oder nicht\\wichtig\\out_selected\\patches\\admin_logo_management_ui.py.insert.py', '.\\notwendig oder nicht\\wichtig\\portings\\patches\\admin_logo_management_ui.py.insert.py', '.\\tools\\out_selected\\patches\\admin_logo_management_ui.py.insert.py', '.\\tools\\portings\\patches\\admin_logo_management_ui.py.insert.py']"
9432c7534798d52055698394b6d302ea,2,"['write_csv', 'write_csv']","['.\\notwendig oder nicht\\wichtig\\repo_porter.py', '.\\tools\\repo_porter.py']"
94a641d1b3d50f725f7eed044da83518,3,"['require_libcst', 'require_libcst', 'require_libcst']","['.\\dev_tools\\kakerlake_ultra_cleaner.py', '.\\mnt\\data\\kakerlake_ultra_cleaner.py', '.\\tools\\kakerlake_ultra_cleaner.py']"
95391131aed36aff6f6f2756c48c6d1d,4,"['__init__', '__init__', '__init__', '__init__']","['.\\pdf_generator.py', '.\\pdf_generator.py', '.\\pdf_generator.py', '.\\pdf_generator.py']"
957116ccea408998d632e6887afac263,2,"['load_admin_setting_func', 'load_admin_setting_func']","['.\\tests\\test_main_pdf.py', '.\\tools\\test_main_pdf.py']"
97747c51473a2d11a4a5663fcf88b998,2,"['iter_files', 'iter_files']","['.\\notwendig oder nicht\\wichtig\\repo_to_json.py', '.\\tools\\repo_to_json.py']"
983fd7498a5d6441245731b150793403,2,"['write', 'write']","['.\\pdf_generator.py', '.\\pdf_generator.py']"
98f3576ecf68c56059a9f4caf90ffb85,2,"['render_offer_generation', 'render_offer_generation']","['.\\multi_offer_generator_old.py', '.\\multi_offer_generator_old.py']"
990db513f339ddea69c142a4e273d5c5,2,"['get_text_mog', 'get_text_mog']","['.\\multi_offer_generator.py', '.\\multi_offer_generator_new.py']"
99b8483711a163030bbb675f3d4672a8,3,"['_get_shadcn_minimal_css', '_get_shadcn_minimal_css', '_get_shadcn_minimal_css']","['.\\components\\progress_manager.py', '.\\notwendig oder nicht\\wichtig\\out_selected\\patches\\components\\progress_manager.py.insert.py', '.\\tools\\out_selected\\patches\\components\\progress_manager.py.insert.py']"
9a023dfd8e7a5179df66484f871beacc,3,"['add_named_import', 'add_named_import', 'add_named_import']","['.\\dev_tools\\kakerlake_ultra_cleaner.py', '.\\mnt\\data\\kakerlake_ultra_cleaner.py', '.\\tools\\kakerlake_ultra_cleaner.py']"
9a9ed6c97ed807d9a46061e3712486b7,3,"['get_style_css', 'get_style_css', 'get_style_css']","['.\\components\\progress_manager.py', '.\\notwendig oder nicht\\wichtig\\out_selected\\patches\\components\\progress_manager.py.insert.py', '.\\tools\\out_selected\\patches\\components\\progress_manager.py.insert.py']"
9b252575f2b5054c007bdfaf041f60d3,2,"['pages', 'pages']","['.\\pdf_generator.py', '.\\pdf_generator.py']"
9bef45da9d69371a71e378d371008ea6,2,"['main', 'main']","['.\\multi_offer_generator.py', '.\\multi_offer_generator_new.py']"
9bfafd49a8642d311fd7186a0bd3be45,5,"['validate_image_file', 'validate_image_file', 'validate_image_file', 'validate_image_file', 'validate_image_file']","['.\\admin_logo_management_ui.py', '.\\notwendig oder nicht\\wichtig\\out_selected\\patches\\admin_logo_management_ui.py.insert.py', '.\\notwendig oder nicht\\wichtig\\portings\\patches\\admin_logo_management_ui.py.insert.py', '.\\tools\\out_selected\\patches\\admin_logo_management_ui.py.insert.py', '.\\tools\\portings\\patches\\admin_logo_management_ui.py.insert.py']"
9e466b75937e7a6941ae355bcc4e9d55,3,"['increment', 'increment', 'increment']","['.\\components\\progress_manager.py', '.\\notwendig oder nicht\\wichtig\\out_selected\\patches\\components\\progress_manager.py.insert.py', '.\\tools\\out_selected\\patches\\components\\progress_manager.py.insert.py']"
9f066d67b47cfa3998a58306b9444c84,2,"['__init__', '__init__']","['.\\pdf_generator.py', '.\\pdf_generator.py']"
a12455d25744d0d96dfbc5bd8a2fd537,3,"['create_simple_svg_image', 'create_simple_svg_image', 'create_simple_svg_image']","['.\\add_test_product_images.py', '.\\notwendig oder nicht\\wichtig\\portings\\patches\\add_test_product_images.py.insert.py', '.\\tools\\portings\\patches\\add_test_product_images.py.insert.py']"
a21d72168a48e44ba15c43cc4ea62059,3,"['leave_Assign', 'leave_Assign', 'leave_Assign']","['.\\dev_tools\\kakerlake_ultra_cleaner.py', '.\\mnt\\data\\kakerlake_ultra_cleaner.py', '.\\tools\\kakerlake_ultra_cleaner.py']"
a221f50159a8aac1f01ea3612e9ae96f,2,"['parse_blocks', 'parse_blocks']","['.\\notwendig oder nicht\\wichtig\\repo_porter_select.py', '.\\tools\\repo_porter_select.py']"
a52d9887e15f03d7aa61126bd89431ad,2,"['_detect_class_indent', '_detect_class_indent']","['.\\notwendig oder nicht\\wichtig\\repo_porter.py', '.\\tools\\repo_porter.py']"
a699bcd5ebe10f52ced0e9dcd8c5d70d,2,"['main', 'main']","['.\\notwendig oder nicht\\wichtig\\repo_porter_select.py', '.\\tools\\repo_porter_select.py']"
a6a0ae52df3f9a2fdd8079345d015083,5,"['_parse_money', '_parse_money', '_parse_money', '_parse_money', '_parse_money']","['.\\notwendig oder nicht\\wichtig\\out_selected\\patches\\pdf_template_engine\\dynamic_overlay.py.insert.py', '.\\notwendig oder nicht\\wichtig\\portings\\patches\\pdf_template_engine\\dynamic_overlay.py.insert.py', '.\\pdf_template_engine\\dynamic_overlay.py', '.\\tools\\out_selected\\patches\\pdf_template_engine\\dynamic_overlay.py.insert.py', '.\\tools\\portings\\patches\\pdf_template_engine\\dynamic_overlay.py.insert.py']"
a86a136135b784704b14e40f82072768,3,"['load_all_products', 'load_all_products', 'load_all_products']","['.\\multi_offer_generator.py', '.\\multi_offer_generator_new.py', '.\\multi_offer_generator_old.py']"
a9453953290d7a39dc8fec690804f1db,3,"['update', 'update', 'update']","['.\\components\\progress_manager.py', '.\\notwendig oder nicht\\wichtig\\out_selected\\patches\\components\\progress_manager.py.insert.py', '.\\tools\\out_selected\\patches\\components\\progress_manager.py.insert.py']"
aa0696775b7e736e4d050fc03d67cba1,5,"['_draw_page3_right_chart_and_separator', '_draw_page3_right_chart_and_separator', '_draw_page3_right_chart_and_separator', '_draw_page3_right_chart_and_separator', '_draw_page3_right_chart_and_separator']","['.\\notwendig oder nicht\\wichtig\\out_selected\\patches\\pdf_template_engine\\dynamic_overlay.py.insert.py', '.\\notwendig oder nicht\\wichtig\\portings\\patches\\pdf_template_engine\\dynamic_overlay.py.insert.py', '.\\pdf_template_engine\\dynamic_overlay.py', '.\\tools\\out_selected\\patches\\pdf_template_engine\\dynamic_overlay.py.insert.py', '.\\tools\\portings\\patches\\pdf_template_engine\\dynamic_overlay.py.insert.py']"
ab7c015eb0f5bc738df0ed2b7abfade4,3,"['labor_cost_net', 'labor_cost_net', 'labor_cost_net']","['.\\heatpump_pricing.py', '.\\notwendig oder nicht\\wichtig\\out_selected\\patches\\heatpump_pricing.py.insert.py', '.\\tools\\out_selected\\patches\\heatpump_pricing.py.insert.py']"
ac95eb1d718dc6767883fd90899bba24,3,"['collect_names', 'collect_names', 'collect_names']","['.\\dev_tools\\kakerlake_ultra_cleaner.py', '.\\mnt\\data\\kakerlake_ultra_cleaner.py', '.\\tools\\kakerlake_ultra_cleaner.py']"
acc80cd1ae9acf4d94f31954edb8b890,3,"['leave_Assign', 'leave_Assign', 'leave_Assign']","['.\\dev_tools\\kakerlake_ultra_cleaner.py', '.\\mnt\\data\\kakerlake_ultra_cleaner.py', '.\\tools\\kakerlake_ultra_cleaner.py']"
acd6cef9acc45e257b95493f7361a360,3,"['test_section_titles_and_logos', 'test_section_titles_and_logos', 'test_section_titles_and_logos']","['.\\notwendig oder nicht\\wichtig\\portings\\patches\\test_section_titles_logos.py.insert.py', '.\\tests\\test_section_titles_logos.py', '.\\tools\\portings\\patches\\test_section_titles_logos.py.insert.py']"
ad55b65b6a4b0069562624a1ddcd1bc1,2,"['_dummy_get_active_company_details', '_dummy_get_active_company_details']","['.\\doc_output.py', '.\\pdf_ui.py']"
ad700dcaa8a1f8aabbd0df9d6208c91d,3,"['test_logo_database', 'test_logo_database', 'test_logo_database']","['.\\notwendig oder nicht\\wichtig\\portings\\patches\\test_logo_integration.py.insert.py', '.\\tests\\test_logo_integration.py', '.\\tools\\portings\\patches\\test_logo_integration.py.insert.py']"
aed37950c21b3372413176714a7f732b,2,"['get_text_mog', 'get_text_mog']","['.\\multi_offer_generator_old.py', '.\\multi_offer_generator_old.py']"
af0a4927124b147f586d768d39c55989,2,"['w', 'w']","['.\\notwendig oder nicht\\wichtig\\repo_to_json.py', '.\\tools\\repo_to_json.py']"
b03d8ac7dadaa04e4df4ee56844468f4,2,"['add_page', 'add_page']","['.\\pdf_generator.py', '.\\pdf_generator.py']"
b46dd7917a27290a5a9c99ed2bfb6a59,3,"['verify_images', 'verify_images', 'verify_images']","['.\\add_test_product_images.py', '.\\notwendig oder nicht\\wichtig\\portings\\patches\\add_test_product_images.py.insert.py', '.\\tools\\portings\\patches\\add_test_product_images.py.insert.py']"
b5625bfb385bc87ac85c203195162ff8,3,"['create_test_logo_png', 'create_test_logo_png', 'create_test_logo_png']","['.\\notwendig oder nicht\\wichtig\\portings\\patches\\test_brand_logos.py.insert.py', '.\\tests\\test_brand_logos.py', '.\\tools\\portings\\patches\\test_brand_logos.py.insert.py']"
b7303db73afd950a1bea4c979b36a026,2,"['render_product_selection', 'render_product_selection']","['.\\multi_offer_generator_old.py', '.\\multi_offer_generator_old.py']"
b7d1af501372ee1443c1fdb820faa2b4,5,"['migrate_logo_database', 'migrate_logo_database', 'migrate_logo_database', 'migrate_logo_database', 'migrate_logo_database']","['.\\migrate_logo_database.py', '.\\notwendig oder nicht\\wichtig\\out_selected\\patches\\migrate_logo_database.py.insert.py', '.\\notwendig oder nicht\\wichtig\\portings\\patches\\migrate_logo_database.py.insert.py', '.\\tools\\out_selected\\patches\\migrate_logo_database.py.insert.py', '.\\tools\\portings\\patches\\migrate_logo_database.py.insert.py']"
b86c861c6793232b482c5b3d342891fb,3,"['check_product_image_details', 'check_product_image_details', 'check_product_image_details']","['.\\check_product_image_details.py', '.\\notwendig oder nicht\\wichtig\\portings\\patches\\check_product_image_details.py.insert.py', '.\\tools\\portings\\patches\\check_product_image_details.py.insert.py']"
b878b45d61c786fbcbe1f466a5f6b9a9,3,"['run_all_tests', 'run_all_tests', 'run_all_tests']","['.\\notwendig oder nicht\\wichtig\\portings\\patches\\test_logo_integration.py.insert.py', '.\\tests\\test_logo_integration.py', '.\\tools\\portings\\patches\\test_logo_integration.py.insert.py']"
ba05d3cf4cd0fa7425a44df4fb8b098f,2,"['extract_block', 'extract_block']","['.\\notwendig oder nicht\\wichtig\\repo_porter.py', '.\\tools\\repo_porter.py']"
ba6ab1e115eec45f4463fea7346e09b8,2,"['_prepare_project_data_for_pdf', '_prepare_project_data_for_pdf']","['.\\multi_offer_generator_old.py', '.\\multi_offer_generator_old.py']"
bff01157254285eee8a9e21dabac3c89,2,"['is_code_dir', 'is_code_dir']","['.\\notwendig oder nicht\\wichtig\\repo_porter.py', '.\\tools\\repo_porter.py']"
c0799d5de273cc8c1840bafc7b784941,5,"['render_logo_management_tab', 'render_logo_management_tab', 'render_logo_management_tab', 'render_logo_management_tab', 'render_logo_management_tab']","['.\\admin_panel.py', '.\\notwendig oder nicht\\wichtig\\out_selected\\patches\\admin_panel.py.insert.py', '.\\notwendig oder nicht\\wichtig\\portings\\patches\\admin_panel.py.insert.py', '.\\tools\\out_selected\\patches\\admin_panel.py.insert.py', '.\\tools\\portings\\patches\\admin_panel.py.insert.py']"
c42f0ad005e01ae19de54a09241c2e04,5,"['render_progress_settings', 'render_progress_settings', 'render_progress_settings', 'render_progress_settings', 'render_progress_settings']","['.\\components\\progress_settings.py', '.\\notwendig oder nicht\\wichtig\\out_selected\\patches\\components\\progress_settings.py.insert.py', '.\\notwendig oder nicht\\wichtig\\portings\\patches\\components\\progress_settings.py.insert.py', '.\\tools\\out_selected\\patches\\components\\progress_settings.py.insert.py', '.\\tools\\portings\\patches\\components\\progress_settings.py.insert.py']"
c46db18eee78ad371f5e49ba9b2e127b,2,"['extract_imports', 'extract_imports']","['.\\notwendig oder nicht\\wichtig\\repo_porter.py', '.\\tools\\repo_porter.py']"
c5c6d8cc01c7d38d84780e28bb317283,3,"['_dummy_list_company_documents', '_dummy_list_company_documents', '_dummy_list_company_documents']","['.\\admin_panel.py', '.\\doc_output.py', '.\\pdf_ui.py']"
c8e32dcef13e5fffe43b8d2ce24bbaa0,5,"['resolve_feed_in_tariff_eur_per_kwh', 'resolve_feed_in_tariff_eur_per_kwh', 'resolve_feed_in_tariff_eur_per_kwh', 'resolve_feed_in_tariff_eur_per_kwh', 'resolve_feed_in_tariff_eur_per_kwh']","['.\\notwendig oder nicht\\wichtig\\out_selected\\patches\\pdf_template_engine\\placeholders.py.insert.py', '.\\notwendig oder nicht\\wichtig\\portings\\patches\\pdf_template_engine\\placeholders.py.insert.py', '.\\pdf_template_engine\\placeholders.py', '.\\tools\\out_selected\\patches\\pdf_template_engine\\placeholders.py.insert.py', '.\\tools\\portings\\patches\\pdf_template_engine\\placeholders.py.insert.py']"
c97ae4437761b15178ae80b924315442,2,"['iter_py_files', 'iter_py_files']","['.\\notwendig oder nicht\\wichtig\\repo_porter.py', '.\\tools\\repo_porter.py']"
cac37640874c9042b651152682ca7bac,3,"['test_roof_data_from_analysis', 'test_roof_data_from_analysis', 'test_roof_data_from_analysis']","['.\\notwendig oder nicht\\wichtig\\portings\\patches\\test_roof_data.py.insert.py', '.\\tests\\test_roof_data.py', '.\\tools\\portings\\patches\\test_roof_data.py.insert.py']"
cbe0de9264f64beafeb5fe6eae380da7,5,"['render_logo_edit_section', 'render_logo_edit_section', 'render_logo_edit_section', 'render_logo_edit_section', 'render_logo_edit_section']","['.\\admin_logo_management_ui.py', '.\\notwendig oder nicht\\wichtig\\out_selected\\patches\\admin_logo_management_ui.py.insert.py', '.\\notwendig oder nicht\\wichtig\\portings\\patches\\admin_logo_management_ui.py.insert.py', '.\\tools\\out_selected\\patches\\admin_logo_management_ui.py.insert.py', '.\\tools\\portings\\patches\\admin_logo_management_ui.py.insert.py']"
cee432e180773e6ab79bdb7ef5d8dd64,2,"['_indent_block', '_indent_block']","['.\\notwendig oder nicht\\wichtig\\repo_porter.py', '.\\tools\\repo_porter.py']"
cf3e86db2e14f18a8e45cbd099ecf5de,4,"['__init__', '__init__', '__init__', '__init__']","['.\\multi_offer_generator.py', '.\\multi_offer_generator_new.py', '.\\multi_offer_generator_old.py', '.\\multi_offer_generator_old.py']"
d04a46a4f794a4581ab30f93df3ab4f9,2,"['load_patterns', 'load_patterns']","['.\\notwendig oder nicht\\wichtig\\repo_porter_select.py', '.\\tools\\repo_porter_select.py']"
d05889695239bac6f93f4346f6b8a0b4,5,"['get_logos_for_brands', 'get_logos_for_brands', 'get_logos_for_brands', 'get_logos_for_brands', 'get_logos_for_brands']","['.\\brand_logo_db.py', '.\\notwendig oder nicht\\wichtig\\out_selected\\patches\\brand_logo_db.py.insert.py', '.\\notwendig oder nicht\\wichtig\\portings\\patches\\brand_logo_db.py.insert.py', '.\\tools\\out_selected\\patches\\brand_logo_db.py.insert.py', '.\\tools\\portings\\patches\\brand_logo_db.py.insert.py']"
d068935cf97d6877b7edf10ccac3c013,2,"['collect_import_line_numbers', 'collect_import_line_numbers']","['.\\notwendig oder nicht\\wichtig\\repo_porter.py', '.\\tools\\repo_porter.py']"
d08237e3a065e88fc23f478913ad38e1,3,"['test_analysis_functions', 'test_analysis_functions', 'test_analysis_functions']","['.\\notwendig oder nicht\\wichtig\\portings\\patches\\test_hp_functions.py.insert.py', '.\\tests\\test_hp_functions.py', '.\\tools\\portings\\patches\\test_hp_functions.py.insert.py']"
d0a7953de82c958991acaa6b17ed8f07,3,"['build_full_heatpump_offer', 'build_full_heatpump_offer', 'build_full_heatpump_offer']","['.\\heatpump_pricing.py', '.\\notwendig oder nicht\\wichtig\\out_selected\\patches\\heatpump_pricing.py.insert.py', '.\\tools\\out_selected\\patches\\heatpump_pricing.py.insert.py']"
d0ec638c1e80da30480c5830bb8b83d4,6,"['flatten', 'flatten', 'flatten', 'flatten', 'flatten', 'flatten']","['.\\dev_tools\\kakerlake_ultra_cleaner.py', '.\\dev_tools\\kakerlake_ultra_cleaner.py', '.\\mnt\\data\\kakerlake_ultra_cleaner.py', '.\\mnt\\data\\kakerlake_ultra_cleaner.py', '.\\tools\\kakerlake_ultra_cleaner.py', '.\\tools\\kakerlake_ultra_cleaner.py']"
d42521b90fc552e7354a030540f858c8,3,"['tree_text', 'tree_text', 'tree_text']","['.\\dev_tools\\kakerlake_ultra_cleaner.py', '.\\mnt\\data\\kakerlake_ultra_cleaner.py', '.\\tools\\kakerlake_ultra_cleaner.py']"
d4294e6289b943d5ef0fe2b07e4dcca1,2,"['guess_is_binary', 'guess_is_binary']","['.\\notwendig oder nicht\\wichtig\\repo_to_json.py', '.\\tools\\repo_to_json.py']"
d590046e8b1bf8bc285ad4b2b895b56d,3,"['test_product_update', 'test_product_update', 'test_product_update']","['.\\notwendig oder nicht\\wichtig\\portings\\patches\\test_admin_upload.py.insert.py', '.\\tests\\test_admin_upload.py', '.\\tools\\portings\\patches\\test_admin_upload.py.insert.py']"
d6f882f41c985ea390bc939274558575,3,"['_norm', '_norm', '_norm']","['.\\heatpump_pricing.py', '.\\notwendig oder nicht\\wichtig\\out_selected\\patches\\heatpump_pricing.py.insert.py', '.\\tools\\out_selected\\patches\\heatpump_pricing.py.insert.py']"
d8bafc288f44d7403737d013c7ce7447,2,"['find_import_insertion_line', 'find_import_insertion_line']","['.\\notwendig oder nicht\\wichtig\\repo_porter.py', '.\\tools\\repo_porter.py']"
d9322827db75fb5e81cbb53f3803592f,3,"['read_text', 'read_text', 'read_text']","['.\\dev_tools\\kakerlake_ultra_cleaner.py', '.\\mnt\\data\\kakerlake_ultra_cleaner.py', '.\\tools\\kakerlake_ultra_cleaner.py']"
d9efd25c79b88162dd7e8e57cc878aac,2,"['main', 'main']","['.\\notwendig oder nicht\\wichtig\\repo_to_json.py', '.\\tools\\repo_to_json.py']"
da2aab76913c4a73c83778946c1b949e,5,"['render_logo_statistics_section', 'render_logo_statistics_section', 'render_logo_statistics_section', 'render_logo_statistics_section', 'render_logo_statistics_section']","['.\\admin_logo_management_ui.py', '.\\notwendig oder nicht\\wichtig\\out_selected\\patches\\admin_logo_management_ui.py.insert.py', '.\\notwendig oder nicht\\wichtig\\portings\\patches\\admin_logo_management_ui.py.insert.py', '.\\tools\\out_selected\\patches\\admin_logo_management_ui.py.insert.py', '.\\tools\\portings\\patches\\admin_logo_management_ui.py.insert.py']"
deb10292ca310a84009429a5f9a3f644,5,"['render_logo_upload_section', 'render_logo_upload_section', 'render_logo_upload_section', 'render_logo_upload_section', 'render_logo_upload_section']","['.\\admin_logo_management_ui.py', '.\\notwendig oder nicht\\wichtig\\out_selected\\patches\\admin_logo_management_ui.py.insert.py', '.\\notwendig oder nicht\\wichtig\\portings\\patches\\admin_logo_management_ui.py.insert.py', '.\\tools\\out_selected\\patches\\admin_logo_management_ui.py.insert.py', '.\\tools\\portings\\patches\\admin_logo_management_ui.py.insert.py']"
df3f41a5e1ac535333b27e40ecc03a7d,3,"['autopatch_annual_savings', 'autopatch_annual_savings', 'autopatch_annual_savings']","['.\\dev_tools\\kakerlake_ultra_cleaner.py', '.\\mnt\\data\\kakerlake_ultra_cleaner.py', '.\\tools\\kakerlake_ultra_cleaner.py']"
df5d03051f5a0fd833be37fe0c62cfff,3,"['progress_context', 'progress_context', 'progress_context']","['.\\components\\progress_manager.py', '.\\notwendig oder nicht\\wichtig\\out_selected\\patches\\components\\progress_manager.py.insert.py', '.\\tools\\out_selected\\patches\\components\\progress_manager.py.insert.py']"
dfa6421689ae4effdbb8565097bd50cd,5,"['render_logo_position_test', 'render_logo_position_test', 'render_logo_position_test', 'render_logo_position_test', 'render_logo_position_test']","['.\\admin_logo_positions_ui.py', '.\\notwendig oder nicht\\wichtig\\out_selected\\patches\\admin_logo_positions_ui.py.insert.py', '.\\notwendig oder nicht\\wichtig\\portings\\patches\\admin_logo_positions_ui.py.insert.py', '.\\tools\\out_selected\\patches\\admin_logo_positions_ui.py.insert.py', '.\\tools\\portings\\patches\\admin_logo_positions_ui.py.insert.py']"
dfa7f7de9f93f9c9c0116d5f42896ab0,2,"['save_admin_setting_func', 'save_admin_setting_func']","['.\\tests\\test_main_pdf.py', '.\\tools\\test_main_pdf.py']"
dfefc98d0b64e9cb47814c1b78e0fa02,2,"['collect_name_reads', 'collect_name_reads']","['.\\notwendig oder nicht\\wichtig\\repo_porter.py', '.\\tools\\repo_porter.py']"
e0d44621571e1093428a49c0a716be79,3,"['test_right_aligned_values', 'test_right_aligned_values', 'test_right_aligned_values']","['.\\notwendig oder nicht\\wichtig\\portings\\patches\\test_right_alignment.py.insert.py', '.\\tests\\test_right_alignment.py', '.\\tools\\portings\\patches\\test_right_alignment.py.insert.py']"
e0e08d1fd886ab8f770af91a38993c95,3,"['initialize_session_state', 'initialize_session_state', 'initialize_session_state']","['.\\multi_offer_generator_new.py', '.\\multi_offer_generator_old.py', '.\\multi_offer_generator_old.py']"
e1303adb796205e42e855f38fbd442d7,2,"['get_text_pdf_ui', 'get_text_pdf_ui']","['.\\doc_output.py', '.\\pdf_ui.py']"
e2e06e7977395a61c6496b5e01de5e0a,3,"['test_product_data_creation', 'test_product_data_creation', 'test_product_data_creation']","['.\\notwendig oder nicht\\wichtig\\portings\\patches\\test_admin_fix.py.insert.py', '.\\tests\\test_admin_fix.py', '.\\tools\\portings\\patches\\test_admin_fix.py.insert.py']"
e47e2e98bfec27b6f07a42c245e8542e,3,"['calculate_annuity_loan', 'calculate_annuity_loan', 'calculate_annuity_loan']","['.\\heatpump_pricing.py', '.\\notwendig oder nicht\\wichtig\\out_selected\\patches\\heatpump_pricing.py.insert.py', '.\\tools\\out_selected\\patches\\heatpump_pricing.py.insert.py']"
e507e4fdc28593ddb9cd39b87ba3c638,3,"['test_admin_functions', 'test_admin_functions', 'test_admin_functions']","['.\\notwendig oder nicht\\wichtig\\portings\\patches\\test_admin_upload.py.insert.py', '.\\tests\\test_admin_upload.py', '.\\tools\\portings\\patches\\test_admin_upload.py.insert.py']"
e67bb26f95c275ff2a598c01c0830634,2,"['cmd_apply', 'cmd_apply']","['.\\notwendig oder nicht\\wichtig\\repo_porter.py', '.\\tools\\repo_porter.py']"
e7ab2d8312798cad9f7c3d8a7fae9585,3,"['autopatch_project_data', 'autopatch_project_data', 'autopatch_project_data']","['.\\dev_tools\\kakerlake_ultra_cleaner.py', '.\\mnt\\data\\kakerlake_ultra_cleaner.py', '.\\tools\\kakerlake_ultra_cleaner.py']"
e859de85787b74e0ad29f7498e598dff,2,"['compute_missing', 'compute_missing']","['.\\notwendig oder nicht\\wichtig\\repo_porter.py', '.\\tools\\repo_porter.py']"
e8fc388dd69576c3c62e86db44aa9282,2,"['segment', 'segment']","['.\\notwendig oder nicht\\wichtig\\repo_porter.py', '.\\tools\\repo_porter.py']"
eb13dc934f1993bb938baab61c9f8f3c,5,"['render_logo_management_ui', 'render_logo_management_ui', 'render_logo_management_ui', 'render_logo_management_ui', 'render_logo_management_ui']","['.\\admin_logo_management_ui.py', '.\\notwendig oder nicht\\wichtig\\out_selected\\patches\\admin_logo_management_ui.py.insert.py', '.\\notwendig oder nicht\\wichtig\\portings\\patches\\admin_logo_management_ui.py.insert.py', '.\\tools\\out_selected\\patches\\admin_logo_management_ui.py.insert.py', '.\\tools\\portings\\patches\\admin_logo_management_ui.py.insert.py']"
eb4920440e1ecbddb25e59cee9d44bcd,3,"['main', 'main', 'main']","['.\\dev_tools\\kakerlake_ultra_cleaner.py', '.\\mnt\\data\\kakerlake_ultra_cleaner.py', '.\\tools\\kakerlake_ultra_cleaner.py']"
ebdcd40f0614195e1c5af12bcf98e1ce,2,"['human', 'human']","['.\\notwendig oder nicht\\wichtig\\repo_to_json.py', '.\\tools\\repo_to_json.py']"
eca1a70ead04c3eedf15db763a75dd1a,3,"['load_heatpump_components', 'load_heatpump_components', 'load_heatpump_components']","['.\\heatpump_pricing.py', '.\\notwendig oder nicht\\wichtig\\out_selected\\patches\\heatpump_pricing.py.insert.py', '.\\tools\\out_selected\\patches\\heatpump_pricing.py.insert.py']"
edb8c4eb5249f67a6c453615d4ef0787,3,"['main', 'main', 'main']","['.\\notwendig oder nicht\\calculations_cli.py', '.\\notwendig oder nicht\\keine ahnung\\calculations_cli.py', '.\\notwendig oder nicht\\need or not\\calculations_cli.py']"
ef71bb46ff3f2abecca67564d9aadce1,3,"['test_product_images', 'test_product_images', 'test_product_images']","['.\\notwendig oder nicht\\wichtig\\portings\\patches\\test_product_images.py.insert.py', '.\\tests\\test_product_images.py', '.\\tools\\portings\\patches\\test_product_images.py.insert.py']"
ef9ba900d70d2c00b74471834cc89e5f,3,"['_get_shadcn_gradient_css', '_get_shadcn_gradient_css', '_get_shadcn_gradient_css']","['.\\components\\progress_manager.py', '.\\notwendig oder nicht\\wichtig\\out_selected\\patches\\components\\progress_manager.py.insert.py', '.\\tools\\out_selected\\patches\\components\\progress_manager.py.insert.py']"
f0736ff818b6cb3a12d90f9c5ac46c2e,3,"['write_text', 'write_text', 'write_text']","['.\\dev_tools\\kakerlake_ultra_cleaner.py', '.\\mnt\\data\\kakerlake_ultra_cleaner.py', '.\\tools\\kakerlake_ultra_cleaner.py']"
f153c87451891b0ff6b79fceb187a692,3,"['_initialize', '_initialize', '_initialize']","['.\\components\\progress_manager.py', '.\\notwendig oder nicht\\wichtig\\out_selected\\patches\\components\\progress_manager.py.insert.py', '.\\tools\\out_selected\\patches\\components\\progress_manager.py.insert.py']"
f224c849dc73fa087863f2193ba669ab,2,"['collect_decorator_lines', 'collect_decorator_lines']","['.\\notwendig oder nicht\\wichtig\\repo_porter.py', '.\\tools\\repo_porter.py']"
f2eac39f53d39dd7540807c951f257e5,5,"['_h', '_h', '_h', '_h', '_h']","['.\\notwendig oder nicht\\wichtig\\out_selected\\patches\\pdf_template_engine\\dynamic_overlay.py.insert.py', '.\\notwendig oder nicht\\wichtig\\portings\\patches\\pdf_template_engine\\dynamic_overlay.py.insert.py', '.\\pdf_template_engine\\dynamic_overlay.py', '.\\tools\\out_selected\\patches\\pdf_template_engine\\dynamic_overlay.py.insert.py', '.\\tools\\portings\\patches\\pdf_template_engine\\dynamic_overlay.py.insert.py']"
f39804f1749ecc7f135b1b8ca26283e9,2,"['cmd_scan', 'cmd_scan']","['.\\notwendig oder nicht\\wichtig\\repo_porter.py', '.\\tools\\repo_porter.py']"
f3e37ffaa4e84624788f9ff33436a68c,3,"['test_placeholder_integration', 'test_placeholder_integration', 'test_placeholder_integration']","['.\\notwendig oder nicht\\wichtig\\portings\\patches\\test_logo_integration.py.insert.py', '.\\tests\\test_logo_integration.py', '.\\tools\\portings\\patches\\test_logo_integration.py.insert.py']"
f42b51f5a44381e77f7438bbc0544cd2,3,"['test_placeholders', 'test_placeholders', 'test_placeholders']","['.\\notwendig oder nicht\\wichtig\\portings\\patches\\test_hp_functions.py.insert.py', '.\\tests\\test_hp_functions.py', '.\\tools\\portings\\patches\\test_hp_functions.py.insert.py']"
f4a3b296dc0258cda39beb2acfebd269,2,"['db_list_company_documents_func', 'db_list_company_documents_func']","['.\\tests\\test_main_pdf.py', '.\\tools\\test_main_pdf.py']"
f5b35ef1e692c7097447440667201e01,5,"['upload_logo_from_file', 'upload_logo_from_file', 'upload_logo_from_file', 'upload_logo_from_file', 'upload_logo_from_file']","['.\\brand_logo_db.py', '.\\notwendig oder nicht\\wichtig\\out_selected\\patches\\brand_logo_db.py.insert.py', '.\\notwendig oder nicht\\wichtig\\portings\\patches\\brand_logo_db.py.insert.py', '.\\tools\\out_selected\\patches\\brand_logo_db.py.insert.py', '.\\tools\\portings\\patches\\brand_logo_db.py.insert.py']"
f5fa1938261cc691b08ac08c4389ecd3,3,"['add_test_images_to_products', 'add_test_images_to_products', 'add_test_images_to_products']","['.\\add_test_product_images.py', '.\\notwendig oder nicht\\wichtig\\portings\\patches\\add_test_product_images.py.insert.py', '.\\tools\\portings\\patches\\add_test_product_images.py.insert.py']"
f662dde146a0e001afed5267bce4e3b4,5,"['create_brand_logos_table', 'create_brand_logos_table', 'create_brand_logos_table', 'create_brand_logos_table', 'create_brand_logos_table']","['.\\brand_logo_db.py', '.\\notwendig oder nicht\\wichtig\\out_selected\\patches\\brand_logo_db.py.insert.py', '.\\notwendig oder nicht\\wichtig\\portings\\patches\\brand_logo_db.py.insert.py', '.\\tools\\out_selected\\patches\\brand_logo_db.py.insert.py', '.\\tools\\portings\\patches\\brand_logo_db.py.insert.py']"
f86b09b8c73f9997f881c50abec4cd11,3,"['has_names', 'has_names', 'has_names']","['.\\dev_tools\\kakerlake_ultra_cleaner.py', '.\\mnt\\data\\kakerlake_ultra_cleaner.py', '.\\tools\\kakerlake_ultra_cleaner.py']"
f9db1bc9e8bd582bc75013c791916457,5,"['display_logo_preview', 'display_logo_preview', 'display_logo_preview', 'display_logo_preview', 'display_logo_preview']","['.\\admin_logo_management_ui.py', '.\\notwendig oder nicht\\wichtig\\out_selected\\patches\\admin_logo_management_ui.py.insert.py', '.\\notwendig oder nicht\\wichtig\\portings\\patches\\admin_logo_management_ui.py.insert.py', '.\\tools\\out_selected\\patches\\admin_logo_management_ui.py.insert.py', '.\\tools\\portings\\patches\\admin_logo_management_ui.py.insert.py']"
fd25aa398f8f7b54f79967369a67523e,4,"['test_page3_values_baseline', 'test_page3_values_baseline', 'test_page3_values_baseline', 'test_page3_values_baseline']","['.\\notwendig oder nicht\\wichtig\\portings\\patches\\tools\\test_page3_values.py.insert.py', '.\\tests\\test_page3_values.py', '.\\tools\\test_page3_values.py', '.\\tools\\portings\\patches\\tools\\test_page3_values.py.insert.py']"
fd8052227a37bcf8a5cc087566ca9422,3,"['leave_Module', 'leave_Module', 'leave_Module']","['.\\dev_tools\\kakerlake_ultra_cleaner.py', '.\\mnt\\data\\kakerlake_ultra_cleaner.py', '.\\tools\\kakerlake_ultra_cleaner.py']"
fdf99d0dfa14a993ca37da501a061bb1,3,"['total_net', 'total_net', 'total_net']","['.\\heatpump_pricing.py', '.\\notwendig oder nicht\\wichtig\\out_selected\\patches\\heatpump_pricing.py.insert.py', '.\\tools\\out_selected\\patches\\heatpump_pricing.py.insert.py']"
feb8c73d0a26451a855128ce857024cd,5,"['deactivate_brand_logo', 'deactivate_brand_logo', 'deactivate_brand_logo', 'deactivate_brand_logo', 'deactivate_brand_logo']","['.\\brand_logo_db.py', '.\\notwendig oder nicht\\wichtig\\out_selected\\patches\\brand_logo_db.py.insert.py', '.\\notwendig oder nicht\\wichtig\\portings\\patches\\brand_logo_db.py.insert.py', '.\\tools\\out_selected\\patches\\brand_logo_db.py.insert.py', '.\\tools\\portings\\patches\\brand_logo_db.py.insert.py']"
